date_key,full_date,day_num,month_num,month_name,quarter_num,year_num,day_of_week,is_weekend
20140101,2014-01-01,1,1,January,1,2014,Wednesday,0
20140102,2014-01-02,2,1,January,1,2014,Thursday,0
20140103,2014-01-03,3,1,January,1,2014,Friday,0
20140104,2014-01-04,4,1,January,1,2014,Saturday,1
20140105,2014-01-05,5,1,January,1,2014,Sunday,1
20140106,2014-01-06,6,1,January,1,2014,Monday,0
20140107,2014-01-07,7,1,January,1,2014,Tuesday,0
20140108,2014-01-08,8,1,January,1,2014,Wednesday,0
20140109,2014-01-09,9,1,January,1,2014,Thursday,0
20140110,2014-01-10,10,1,January,1,2014,Friday,0
20140111,2014-01-11,11,1,January,1,2014,Saturday,1
20140112,2014-01-12,12,1,January,1,2014,Sunday,1
20140113,2014-01-13,13,1,January,1,2014,Monday,0
20140114,2014-01-14,14,1,January,1,2014,Tuesday,0
20140115,2014-01-15,15,1,January,1,2014,Wednesday,0
20140116,2014-01-16,16,1,January,1,2014,Thursday,0
20140117,2014-01-17,17,1,January,1,2014,Friday,0
20140118,2014-01-18,18,1,January,1,2014,Saturday,1
20140119,2014-01-19,19,1,January,1,2014,Sunday,1
20140120,2014-01-20,20,1,January,1,2014,Monday,0
20140121,2014-01-21,21,1,January,1,2014,Tuesday,0
20140122,2014-01-22,22,1,January,1,2014,Wednesday,0
20140123,2014-01-23,23,1,January,1,2014,Thursday,0
20140124,2014-01-24,24,1,January,1,2014,Friday,0
20140125,2014-01-25,25,1,January,1,2014,Saturday,1
20140126,2014-01-26,26,1,January,1,2014,Sunday,1
20140127,2014-01-27,27,1,January,1,2014,Monday,0
20140128,2014-01-28,28,1,January,1,2014,Tuesday,0
20140129,2014-01-29,29,1,January,1,2014,Wednesday,0
20140130,2014-01-30,30,1,January,1,2014,Thursday,0
20140131,2014-01-31,31,1,January,1,2014,Friday,0
20140201,2014-02-01,1,2,February,1,2014,Saturday,1
20140202,2014-02-02,2,2,February,1,2014,Sunday,1
20140203,2014-02-03,3,2,February,1,2014,Monday,0
20140204,2014-02-04,4,2,February,1,2014,Tuesday,0
20140205,2014-02-05,5,2,February,1,2014,Wednesday,0
20140206,2014-02-06,6,2,February,1,2014,Thursday,0
20140207,2014-02-07,7,2,February,1,2014,Friday,0
20140208,2014-02-08,8,2,February,1,2014,Saturday,1
20140209,2014-02-09,9,2,February,1,2014,Sunday,1
20140210,2014-02-10,10,2,February,1,2014,Monday,0
20140211,2014-02-11,11,2,February,1,2014,Tuesday,0
20140212,2014-02-12,12,2,February,1,2014,Wednesday,0
20140213,2014-02-13,13,2,February,1,2014,Thursday,0
20140214,2014-02-14,14,2,February,1,2014,Friday,0
20140215,2014-02-15,15,2,February,1,2014,Saturday,1
20140216,2014-02-16,16,2,February,1,2014,Sunday,1
20140217,2014-02-17,17,2,February,1,2014,Monday,0
20140218,2014-02-18,18,2,February,1,2014,Tuesday,0
20140219,2014-02-19,19,2,February,1,2014,Wednesday,0
20140220,2014-02-20,20,2,February,1,2014,Thursday,0
20140221,2014-02-21,21,2,February,1,2014,Friday,0
20140222,2014-02-22,22,2,February,1,2014,Saturday,1
20140223,2014-02-23,23,2,February,1,2014,Sunday,1
20140224,2014-02-24,24,2,February,1,2014,Monday,0
20140225,2014-02-25,25,2,February,1,2014,Tuesday,0
20140226,2014-02-26,26,2,February,1,2014,Wednesday,0
20140227,2014-02-27,27,2,February,1,2014,Thursday,0
20140228,2014-02-28,28,2,February,1,2014,Friday,0
20140301,2014-03-01,1,3,March,1,2014,Saturday,1
20140302,2014-03-02,2,3,March,1,2014,Sunday,1
20140303,2014-03-03,3,3,March,1,2014,Monday,0
20140304,2014-03-04,4,3,March,1,2014,Tuesday,0
20140305,2014-03-05,5,3,March,1,2014,Wednesday,0
20140306,2014-03-06,6,3,March,1,2014,Thursday,0
20140307,2014-03-07,7,3,March,1,2014,Friday,0
20140308,2014-03-08,8,3,March,1,2014,Saturday,1
20140309,2014-03-09,9,3,March,1,2014,Sunday,1
20140310,2014-03-10,10,3,March,1,2014,Monday,0
20140311,2014-03-11,11,3,March,1,2014,Tuesday,0
20140312,2014-03-12,12,3,March,1,2014,Wednesday,0
20140313,2014-03-13,13,3,March,1,2014,Thursday,0
20140314,2014-03-14,14,3,March,1,2014,Friday,0
20140315,2014-03-15,15,3,March,1,2014,Saturday,1
20140316,2014-03-16,16,3,March,1,2014,Sunday,1
20140317,2014-03-17,17,3,March,1,2014,Monday,0
20140318,2014-03-18,18,3,March,1,2014,Tuesday,0
20140319,2014-03-19,19,3,March,1,2014,Wednesday,0
20140320,2014-03-20,20,3,March,1,2014,Thursday,0
20140321,2014-03-21,21,3,March,1,2014,Friday,0
20140322,2014-03-22,22,3,March,1,2014,Saturday,1
20140323,2014-03-23,23,3,March,1,2014,Sunday,1
20140324,2014-03-24,24,3,March,1,2014,Monday,0
20140325,2014-03-25,25,3,March,1,2014,Tuesday,0
20140326,2014-03-26,26,3,March,1,2014,Wednesday,0
20140327,2014-03-27,27,3,March,1,2014,Thursday,0
20140328,2014-03-28,28,3,March,1,2014,Friday,0
20140329,2014-03-29,29,3,March,1,2014,Saturday,1
20140330,2014-03-30,30,3,March,1,2014,Sunday,1
20140331,2014-03-31,31,3,March,1,2014,Monday,0
20140401,2014-04-01,1,4,April,2,2014,Tuesday,0
20140402,2014-04-02,2,4,April,2,2014,Wednesday,0
20140403,2014-04-03,3,4,April,2,2014,Thursday,0
20140404,2014-04-04,4,4,April,2,2014,Friday,0
20140405,2014-04-05,5,4,April,2,2014,Saturday,1
20140406,2014-04-06,6,4,April,2,2014,Sunday,1
20140407,2014-04-07,7,4,April,2,2014,Monday,0
20140408,2014-04-08,8,4,April,2,2014,Tuesday,0
20140409,2014-04-09,9,4,April,2,2014,Wednesday,0
20140410,2014-04-10,10,4,April,2,2014,Thursday,0
20140411,2014-04-11,11,4,April,2,2014,Friday,0
20140412,2014-04-12,12,4,April,2,2014,Saturday,1
20140413,2014-04-13,13,4,April,2,2014,Sunday,1
20140414,2014-04-14,14,4,April,2,2014,Monday,0
20140415,2014-04-15,15,4,April,2,2014,Tuesday,0
20140416,2014-04-16,16,4,April,2,2014,Wednesday,0
20140417,2014-04-17,17,4,April,2,2014,Thursday,0
20140418,2014-04-18,18,4,April,2,2014,Friday,0
20140419,2014-04-19,19,4,April,2,2014,Saturday,1
20140420,2014-04-20,20,4,April,2,2014,Sunday,1
20140421,2014-04-21,21,4,April,2,2014,Monday,0
20140422,2014-04-22,22,4,April,2,2014,Tuesday,0
20140423,2014-04-23,23,4,April,2,2014,Wednesday,0
20140424,2014-04-24,24,4,April,2,2014,Thursday,0
20140425,2014-04-25,25,4,April,2,2014,Friday,0
20140426,2014-04-26,26,4,April,2,2014,Saturday,1
20140427,2014-04-27,27,4,April,2,2014,Sunday,1
20140428,2014-04-28,28,4,April,2,2014,Monday,0
20140429,2014-04-29,29,4,April,2,2014,Tuesday,0
20140430,2014-04-30,30,4,April,2,2014,Wednesday,0
20140501,2014-05-01,1,5,May,2,2014,Thursday,0
20140502,2014-05-02,2,5,May,2,2014,Friday,0
20140503,2014-05-03,3,5,May,2,2014,Saturday,1
20140504,2014-05-04,4,5,May,2,2014,Sunday,1
20140505,2014-05-05,5,5,May,2,2014,Monday,0
20140506,2014-05-06,6,5,May,2,2014,Tuesday,0
20140507,2014-05-07,7,5,May,2,2014,Wednesday,0
20140508,2014-05-08,8,5,May,2,2014,Thursday,0
20140509,2014-05-09,9,5,May,2,2014,Friday,0
20140510,2014-05-10,10,5,May,2,2014,Saturday,1
20140511,2014-05-11,11,5,May,2,2014,Sunday,1
20140512,2014-05-12,12,5,May,2,2014,Monday,0
20140513,2014-05-13,13,5,May,2,2014,Tuesday,0
20140514,2014-05-14,14,5,May,2,2014,Wednesday,0
20140515,2014-05-15,15,5,May,2,2014,Thursday,0
20140516,2014-05-16,16,5,May,2,2014,Friday,0
20140517,2014-05-17,17,5,May,2,2014,Saturday,1
20140518,2014-05-18,18,5,May,2,2014,Sunday,1
20140519,2014-05-19,19,5,May,2,2014,Monday,0
20140520,2014-05-20,20,5,May,2,2014,Tuesday,0
20140521,2014-05-21,21,5,May,2,2014,Wednesday,0
20140522,2014-05-22,22,5,May,2,2014,Thursday,0
20140523,2014-05-23,23,5,May,2,2014,Friday,0
20140524,2014-05-24,24,5,May,2,2014,Saturday,1
20140525,2014-05-25,25,5,May,2,2014,Sunday,1
20140526,2014-05-26,26,5,May,2,2014,Monday,0
20140527,2014-05-27,27,5,May,2,2014,Tuesday,0
20140528,2014-05-28,28,5,May,2,2014,Wednesday,0
20140529,2014-05-29,29,5,May,2,2014,Thursday,0
20140530,2014-05-30,30,5,May,2,2014,Friday,0
20140531,2014-05-31,31,5,May,2,2014,Saturday,1
20140601,2014-06-01,1,6,June,2,2014,Sunday,1
20140602,2014-06-02,2,6,June,2,2014,Monday,0
20140603,2014-06-03,3,6,June,2,2014,Tuesday,0
20140604,2014-06-04,4,6,June,2,2014,Wednesday,0
20140605,2014-06-05,5,6,June,2,2014,Thursday,0
20140606,2014-06-06,6,6,June,2,2014,Friday,0
20140607,2014-06-07,7,6,June,2,2014,Saturday,1
20140608,2014-06-08,8,6,June,2,2014,Sunday,1
20140609,2014-06-09,9,6,June,2,2014,Monday,0
20140610,2014-06-10,10,6,June,2,2014,Tuesday,0
20140611,2014-06-11,11,6,June,2,2014,Wednesday,0
20140612,2014-06-12,12,6,June,2,2014,Thursday,0
20140613,2014-06-13,13,6,June,2,2014,Friday,0
20140614,2014-06-14,14,6,June,2,2014,Saturday,1
20140615,2014-06-15,15,6,June,2,2014,Sunday,1
20140616,2014-06-16,16,6,June,2,2014,Monday,0
20140617,2014-06-17,17,6,June,2,2014,Tuesday,0
20140618,2014-06-18,18,6,June,2,2014,Wednesday,0
20140619,2014-06-19,19,6,June,2,2014,Thursday,0
20140620,2014-06-20,20,6,June,2,2014,Friday,0
20140621,2014-06-21,21,6,June,2,2014,Saturday,1
20140622,2014-06-22,22,6,June,2,2014,Sunday,1
20140623,2014-06-23,23,6,June,2,2014,Monday,0
20140624,2014-06-24,24,6,June,2,2014,Tuesday,0
20140625,2014-06-25,25,6,June,2,2014,Wednesday,0
20140626,2014-06-26,26,6,June,2,2014,Thursday,0
20140627,2014-06-27,27,6,June,2,2014,Friday,0
20140628,2014-06-28,28,6,June,2,2014,Saturday,1
20140629,2014-06-29,29,6,June,2,2014,Sunday,1
20140630,2014-06-30,30,6,June,2,2014,Monday,0
